keyword,URL
buy 3bhk flat in rajarhat kolkata,https://www.purtirealty.com/find-homes/
best residential projects in kolkata by purti realty,https://www.purtirealty.com/purti-homes/
ready to move apartments in maheshtala,https://www.purtirealty.com/find-homes/
purti realty under construction flats lake town,https://www.purtirealty.com/find-homes/
luxury villas near durgapur expressway purti,https://www.purtirealty.com/purti-homes/
find 2bhk apartments in kolkata purti,https://www.purtirealty.com/find-homes/
vaastu compliant homes in kolkata purti,https://www.purtirealty.com/purti-homes/
buy retail shop in burrabazar kolkata,https://www.purtirealty.com/find-homes-retail/
commercial retail space maheshtala purti,https://www.purtirealty.com/find-homes-retail/
find ready retail shops shyambazar,https://www.purtirealty.com/find-homes-retail/
best retail properties by purti realty kolkata,https://www.purtirealty.com/purti-retail/
buy office space in hastings kolkata,https://www.purtirealty.com/find-homes-office/
commercial office properties purti realty,https://www.purtirealty.com/find-homes-office/
find office space kolkata purti,https://www.purtirealty.com/find-homes-office/
invest in real estate projects kolkata purti,https://www.purtirealty.com/invest-with-us/
joint venture property development kolkata,https://www.purtirealty.com/invest-with-us/
build to suit real estate india purti,https://www.purtirealty.com/invest-with-us/
warehouse development management kolkata,https://www.purtirealty.com/invest-with-us/
nri buy property in kolkata purti realty,https://www.purtirealty.com/nri/
invest in indian real estate nri purti,https://www.purtirealty.com/nri/
purti realty services for nri property investment,https://www.purtirealty.com/nri/
